인도네시아 행정구역명 리스트 (34개 주)

순번 | 주명 (영문) | 약어 | 한글명 | 유형
1 | Aceh | AC | 아체 | 주 (Provinsi)
2 | Bali | BA | 발리 | 주 (Provinsi)
3 | Banten | BT | 반텐 | 주 (Provinsi)
4 | Bengkulu | BE | 벵쿨루 | 주 (Provinsi)
5 | Central Java | JT | 중부 자바 | 주 (Provinsi)
6 | Central Kalimantan | KT | 중부 칼리만탄 | 주 (Provinsi)
7 | Central Sulawesi | ST | 중부 술라웨시 | 주 (Provinsi)
8 | East Java | JI | 동부 자바 | 주 (Provinsi)
9 | East Kalimantan | KI | 동부 칼리만탄 | 주 (Provinsi)
10 | East Nusa Tenggara | NT | 동부 누사 텡가라 | 주 (Provinsi)
11 | Gorontalo | GO | 고론탈로 | 주 (Provinsi)
12 | Jakarta | JK | 자카르타 특별수도지역 | 특별지역 (Daerah Khusus Ibukota)
13 | Jambi | JA | 잠비 | 주 (Provinsi)
14 | Lampung | LA | 람풍 | 주 (Provinsi)
15 | Maluku | MA | 말루쿠 | 주 (Provinsi)
16 | North Kalimantan | KU | 북부 칼리만탄 | 주 (Provinsi)
17 | North Maluku | MU | 북부 말루쿠 | 주 (Provinsi)
18 | North Sulawesi | SA | 북부 술라웨시 | 주 (Provinsi)
19 | North Sumatra | SU | 북부 수마트라 | 주 (Provinsi)
20 | Papua | PA | 파푸아 | 주 (Provinsi)
21 | Riau | RI | 리아우 | 주 (Provinsi)
22 | Riau Islands | KR | 리아우 제도 | 주 (Provinsi)
23 | South Kalimantan | KS | 남부 칼리만탄 | 주 (Provinsi)
24 | South Sulawesi | SN | 남부 술라웨시 | 주 (Provinsi)
25 | South Sumatra | SS | 남부 수마트라 | 주 (Provinsi)
26 | Southeast Sulawesi | SG | 동남 술라웨시 | 주 (Provinsi)
27 | West Java | JB | 서부 자바 | 주 (Provinsi)
28 | West Kalimantan | KB | 서부 칼리만탄 | 주 (Provinsi)
29 | West Nusa Tenggara | NB | 서부 누사 텡가라 | 주 (Provinsi)
30 | West Papua | PB | 서부 파푸아 | 주 (Provinsi)
31 | West Sulawesi | SR | 서부 술라웨시 | 주 (Provinsi)
32 | West Sumatra | SB | 서부 수마트라 | 주 (Provinsi)
33 | Yogyakarta | YO | 욕야카르타 특별지역 | 특별지역 (Daerah Istimewa)
34 | Bangka Belitung Islands | BB | 방카 블리퉁 제도 | 주 (Provinsi)

총 34개 행정구역 (34개 주)

참고: 코드에서는 GeoJSON 데이터 소스의 name, NAME_1, province 속성에서 이름을 가져옵니다.
실제 표시되는 이름은 데이터 소스에 따라 다를 수 있습니다.
일부 데이터 소스에서는 "DKI Jakarta", "Daerah Istimewa Yogyakarta" 등으로 표시될 수 있습니다.





